timestamp,cash,positions_value,total_value
2026-03-12 12:00:44.981877+00:00,10000.0,0.0,10000.0
2026-03-12 12:01:00.067884+00:00,9500.0,500.0,10000.0
2026-03-12 12:01:24.689406+00:00,8900.0,1100.5946468307125,10000.594646830712
2026-03-12 12:01:44.324735+00:00,8900.0,1100.5946468307125,10000.594646830712
2026-03-12 12:01:46.083683+00:00,8900.0,1100.3964289584733,10000.396428958473
2026-03-12 12:02:04.376174+00:00,8900.0,1100.3964289584733,10000.396428958473
2026-03-12 12:02:06.569100+00:00,8900.0,1101.114498234139,10001.11449823414
2026-03-12 12:02:24.326974+00:00,8900.0,1101.114498234139,10001.11449823414
2026-03-12 12:02:46.657561+00:00,8900.0,1100.9162282912314,10000.916228291231
2026-03-12 12:03:07.047796+00:00,8900.0,1100.3346883076597,10000.33468830766
2026-03-12 12:03:26.349421+00:00,8900.0,1100.3346883076597,10000.33468830766
2026-03-12 12:03:28.698319+00:00,8900.0,1100.5459609563716,10000.545960956371
2026-03-12 12:03:46.338931+00:00,8900.0,1100.5459609563716,10000.545960956371
2026-03-12 12:04:06.749045+00:00,8900.0,1100.0261616236132,10000.026161623611
2026-03-12 12:04:26.365003+00:00,8900.0,1100.0261616236132,10000.026161623611
2026-03-12 12:04:27.647002+00:00,8900.0,1099.8409985278463,9999.840998527849
2026-03-12 12:04:45.356908+00:00,8900.0,1099.8409985278463,9999.840998527849
2026-03-12 12:05:06.609041+00:00,8900.0,1098.9246593092728,9998.924659309272
2026-03-12 12:05:26.267181+00:00,8900.0,1098.9246593092728,9998.924659309272
2026-03-12 12:05:27.629752+00:00,8900.0,1098.281385460893,9998.281385460894
2026-03-12 12:05:47.266574+00:00,8900.0,1098.281385460893,9998.281385460894
2026-03-12 12:06:27.641945+00:00,8900.0,1096.8583016860337,9996.858301686034
2026-03-12 12:07:06.969438+00:00,8900.0,1096.4487658804196,9996.44876588042
2026-03-12 12:07:27.450475+00:00,8900.0,1096.5721883253732,9996.572188325374
2026-03-12 12:07:44.521454+00:00,8900.0,1096.5721883253732,9996.572188325374
2026-03-12 12:08:07.451483+00:00,8900.0,1096.9069354897065,9996.906935489707
2026-03-12 12:08:27.269872+00:00,8900.0,1096.9069354897065,9996.906935489707
2026-03-12 12:08:47.577968+00:00,8900.0,1097.33894347538,9997.33894347538
2026-03-12 12:09:07.266460+00:00,8900.0,1097.33894347538,9997.33894347538
2026-03-12 12:09:27.637099+00:00,8900.0,1096.4487658804196,9996.44876588042
2026-03-12 12:10:28.577304+00:00,8900.0,1097.0920397287996,9997.0920397288
2026-03-12 12:11:29.576014+00:00,8900.0,1096.7217723939395,9996.72177239394
2026-03-12 12:12:30.576087+00:00,8900.0,1096.2767096317937,9996.276709631791
2026-03-12 12:13:31.603490+00:00,8900.0,1095.4352179111745,9995.435217911174
2026-03-12 12:14:32.724140+00:00,8900.0,1094.0738227164604,9994.07382271646
2026-03-12 12:15:33.635891+00:00,8900.0,1094.0120820656468,9994.012082065648
2026-03-12 12:16:34.595348+00:00,8900.0,1093.6773937579871,9993.677393757987
2026-03-12 12:17:35.560630+00:00,8900.0,1092.2674168302688,9992.26741683027
2026-03-12 12:18:36.595500+00:00,8900.0,1092.3159917772678,9992.315991777268
2026-03-12 12:19:37.593278+00:00,8900.0,1091.4389210294482,9991.438921029448
2026-03-12 12:20:37.579603+00:00,8900.0,1091.315498584495,9991.315498584496
2026-03-12 12:21:37.565526+00:00,8900.0,1089.372563406209,9989.372563406208
2026-03-12 12:22:37.589399+00:00,8900.0,1087.751268545116,9987.751268545117
2026-03-12 12:22:59.591048+00:00,8900.0,1087.4782620315962,9987.478262031596
2026-03-12 12:23:27.564990+00:00,8900.0,1088.011220282163,9988.011220282164
2026-03-12 12:23:47.263042+00:00,8900.0,1088.011220282163,9988.011220282164
2026-03-12 12:24:37.594173+00:00,8900.0,1087.169676490876,9987.169676490876
2026-03-12 12:25:38.968845+00:00,8900.0,1087.4165213807826,9987.416521380785
2026-03-12 12:26:37.591679+00:00,8900.0,1087.121042687203,9987.121042687202
2026-03-12 12:27:42.496146+00:00,8900.0,1087.8260571863964,9987.826057186396
2026-03-12 12:28:37.574077+00:00,8900.0,1087.6895278943025,9987.689527894305
2026-03-12 12:29:37.600928+00:00,8900.0,1088.1963245212564,9988.196324521256
2026-03-12 12:30:37.588248+00:00,8900.0,1088.4432282678367,9988.443228267835
2026-03-12 12:31:37.594147+00:00,8900.0,1088.790971351969,9988.79097135197
2026-03-12 12:32:07.571041+00:00,8900.0,1088.3945423934958,9988.394542393497
2026-03-12 12:32:27.267792+00:00,8900.0,1088.3945423934958,9988.394542393497
2026-03-12 12:33:28.575374+00:00,8900.0,1087.9494796313495,9987.94947963135
2026-03-12 12:34:08.375471+00:00,8900.0,1088.9761344477358,9988.976134447736
2026-03-12 12:34:27.317296+00:00,8900.0,1088.9761344477358,9988.976134447736
2026-03-12 12:35:47.478442+00:00,8900.0,1088.6413872834023,9988.641387283402
2026-03-12 12:36:07.940700+00:00,8900.0,1087.67647311783,9987.67647311783
2026-03-12 12:36:28.603301+00:00,8900.0,1086.984513395109,9986.98451339511
2026-03-12 12:36:48.261372+00:00,8900.0,1086.984513395109,9986.98451339511
2026-03-12 12:37:08.617487+00:00,8900.0,1086.4646619916823,9986.464661991682
2026-03-12 12:37:28.262211+00:00,8900.0,1086.4646619916823,9986.464661991682
2026-03-12 12:37:48.586695+00:00,8900.0,1087.121042687203,9987.121042687202
2026-03-12 12:38:22.692181+00:00,8900.0,1086.984513395109,9986.98451339511
2026-03-12 12:38:55.835592+00:00,8900.0,1086.6011912837766,9986.601191283777
2026-03-12 12:39:27.944167+00:00,8900.0,1087.6016844765493,9987.601684476547
2026-03-12 12:39:48.580460+00:00,8900.0,1087.61479132369,9987.61479132369
2026-03-12 12:40:08.267421+00:00,8900.0,1087.61479132369,9987.61479132369
2026-03-12 12:40:29.902684+00:00,8900.0,1088.420704017109,9988.42070401711
2026-03-12 12:41:37.593595+00:00,8900.0,1089.7203064903413,9989.72030649034
2026-03-12 12:42:37.735975+00:00,8900.0,1090.0550536546748,9990.055053654674
2026-03-12 12:43:37.582172+00:00,8900.0,1089.918576433249,9989.918576433249
2026-03-12 12:44:37.652466+00:00,8900.0,1090.0812152782878,9990.081215278287
2026-03-12 12:45:37.627558+00:00,8900.0,1089.0189293640333,9989.018929364032
2026-03-12 12:46:37.764402+00:00,8900.0,1086.6795652272745,9986.679565227274
2026-03-12T12:47:37.641538+00:00,8900.0,1085.578173840276,9985.578173840277
